gene_id	gene_length
hsa-let-7a-1	80
hsa-let-7a-2	72
hsa-let-7a-3	74
hsa-let-7b	83
hsa-let-7c	84
hsa-let-7d	87
hsa-let-7e	79
hsa-let-7f-1	87
hsa-let-7f-2	83
hsa-let-7g	84
hsa-let-7i	84
hsa-mir-1-1	71
hsa-mir-1-2	85
hsa-mir-100	80
hsa-mir-101-1	75
hsa-mir-101-2	79
hsa-mir-103a-1	78
hsa-mir-103a-2	78
hsa-mir-103b-1	62
hsa-mir-103b-2	62
hsa-mir-105-1	81
hsa-mir-105-2	81
hsa-mir-106a	81
hsa-mir-106b	82
hsa-mir-107	81
hsa-mir-10a	110
hsa-mir-10b	110
hsa-mir-1178	91
hsa-mir-1179	91
hsa-mir-1180	69
hsa-mir-1181	81
hsa-mir-1182	97
hsa-mir-1183	89
hsa-mir-1184-1	99
hsa-mir-1184-2	99
hsa-mir-1184-3	99
hsa-mir-1185-1	86
hsa-mir-1185-2	86
hsa-mir-1193	78
hsa-mir-1197	88
hsa-mir-1199	119
hsa-mir-1200	76
hsa-mir-1202	83
hsa-mir-1203	85
hsa-mir-1204	67
hsa-mir-1205	63
hsa-mir-1206	59
hsa-mir-1207	87
hsa-mir-1208	73
hsa-mir-122	69
hsa-mir-1224	85
hsa-mir-1225	90
hsa-mir-1226	75
hsa-mir-1227	88
hsa-mir-1228	73
hsa-mir-1229	69
hsa-mir-1231	92
hsa-mir-1233-1	82
hsa-mir-1233-2	82
hsa-mir-1234	80
hsa-mir-1236	102
hsa-mir-1237	102
hsa-mir-1238	83
hsa-mir-124-1	85
hsa-mir-124-2	109
hsa-mir-124-3	87
hsa-mir-1243	93
hsa-mir-1244-1	85
hsa-mir-1244-2	85
hsa-mir-1244-3	85
hsa-mir-1244-4	85
hsa-mir-1245a	70
hsa-mir-1245b	70
hsa-mir-1246	73
hsa-mir-1247	136
hsa-mir-1248	106
hsa-mir-1249	66
hsa-mir-1250	113
hsa-mir-1251	70
hsa-mir-1252	65
hsa-mir-1253	105
hsa-mir-1254-1	97
hsa-mir-1254-2	63
hsa-mir-1255a	113
hsa-mir-1255b-1	63
hsa-mir-1255b-2	67
hsa-mir-1256	119
hsa-mir-1257	117
hsa-mir-1258	73
hsa-mir-125a	86
hsa-mir-125b-1	88
hsa-mir-125b-2	89
hsa-mir-126	50
hsa-mir-1260a	73
hsa-mir-1260b	89
hsa-mir-1261	82
hsa-mir-1262	93
hsa-mir-1263	86
hsa-mir-1264	69
hsa-mir-1265	86
hsa-mir-1266	84
hsa-mir-1267	78
hsa-mir-1268a	52
hsa-mir-1268b	50
hsa-mir-1269a	105
hsa-mir-1269b	75
hsa-mir-127	81
hsa-mir-1270	83
hsa-mir-1271	86
hsa-mir-1272	129
hsa-mir-1273a	103
hsa-mir-1273c	77
hsa-mir-1273d	86
hsa-mir-1273e	102
hsa-mir-1273f	99
hsa-mir-1273g	100
hsa-mir-1273h	116
hsa-mir-1275	80
hsa-mir-1276	83
hsa-mir-1277	78
hsa-mir-1278	81
hsa-mir-1279	62
hsa-mir-128-1	82
hsa-mir-128-2	84
hsa-mir-1281	54
hsa-mir-1282	101
hsa-mir-1283-1	87
hsa-mir-1283-2	87
hsa-mir-1284	120
hsa-mir-1285-1	84
hsa-mir-1285-2	88
hsa-mir-1286	78
hsa-mir-1287	90
hsa-mir-1288	75
hsa-mir-1289-1	144
hsa-mir-1289-2	111
hsa-mir-129-1	72
hsa-mir-129-2	90
hsa-mir-1290	78
hsa-mir-1291	87
hsa-mir-1292	66
hsa-mir-1293	71
hsa-mir-1294	142
hsa-mir-1295a	79
hsa-mir-1295b	60
hsa-mir-1296	92
hsa-mir-1297	77
hsa-mir-1298	112
hsa-mir-1299	83
hsa-mir-1301	82
hsa-mir-1302-1	138
hsa-mir-1302-10	138
hsa-mir-1302-11	138
hsa-mir-1302-2	138
hsa-mir-1302-3	138
hsa-mir-1302-4	150
hsa-mir-1302-5	150
hsa-mir-1302-6	90
hsa-mir-1302-7	72
hsa-mir-1302-8	128
hsa-mir-1302-9	138
hsa-mir-1303	86
hsa-mir-1304	91
hsa-mir-1305	86
hsa-mir-1306	85
hsa-mir-1307	149
hsa-mir-130a	89
hsa-mir-130b	82
hsa-mir-132	71
hsa-mir-1321	79
hsa-mir-1322	71
hsa-mir-1323	73
hsa-mir-1324	96
hsa-mir-133a-1	88
hsa-mir-133a-2	102
hsa-mir-133b	119
hsa-mir-134	84
hsa-mir-1343	84
hsa-mir-135a-1	90
hsa-mir-135a-2	100
hsa-mir-135b	97
hsa-mir-136	82
hsa-mir-137	102
hsa-mir-138-1	99
hsa-mir-138-2	84
hsa-mir-139	68
hsa-mir-140	100
hsa-mir-141	95
hsa-mir-142	87
hsa-mir-143	106
hsa-mir-144	86
hsa-mir-145	88
hsa-mir-1468	86
hsa-mir-1469	47
hsa-mir-146a	99
hsa-mir-146b	73
hsa-mir-1470	61
hsa-mir-1471	57
hsa-mir-147a	72
hsa-mir-147b	80
hsa-mir-148a	68
hsa-mir-148b	99
hsa-mir-149	89
hsa-mir-150	84
hsa-mir-151a	90
hsa-mir-151b	96
hsa-mir-152	87
hsa-mir-153-1	90
hsa-mir-153-2	87
hsa-mir-1537	61
hsa-mir-1538	61
hsa-mir-1539	50
hsa-mir-154	84
hsa-mir-155	65
hsa-mir-1587	53
hsa-mir-15a	83
hsa-mir-15b	98
hsa-mir-16-1	89
hsa-mir-16-2	81
hsa-mir-17	84
hsa-mir-181a-1	110
hsa-mir-181a-2	110
hsa-mir-181b-1	110
hsa-mir-181b-2	89
hsa-mir-181c	110
hsa-mir-181d	137
hsa-mir-182	53
hsa-mir-1825	53
hsa-mir-1827	66
hsa-mir-183	110
hsa-mir-184	84
hsa-mir-185	82
hsa-mir-186	86
hsa-mir-187	109
hsa-mir-188	86
hsa-mir-18a	71
hsa-mir-18b	71
hsa-mir-1908	80
hsa-mir-1909	80
hsa-mir-190a	85
hsa-mir-190b	79
hsa-mir-191	80
hsa-mir-1910	80
hsa-mir-1911	80
hsa-mir-1912	80
hsa-mir-1913	80
hsa-mir-1914	80
hsa-mir-1915	80
hsa-mir-192	110
hsa-mir-193a	88
hsa-mir-193b	83
hsa-mir-194-1	85
hsa-mir-194-2	85
hsa-mir-195	87
hsa-mir-196a-1	70
hsa-mir-196a-2	110
hsa-mir-196b	84
hsa-mir-197	52
hsa-mir-1972-1	77
hsa-mir-1972-2	77
hsa-mir-1973	44
hsa-mir-1976	52
hsa-mir-198	62
hsa-mir-199a-1	71
hsa-mir-199a-2	110
hsa-mir-199b	110
hsa-mir-19a	82
hsa-mir-19b-1	87
hsa-mir-19b-2	96
hsa-mir-200a	90
hsa-mir-200b	95
hsa-mir-200c	68
hsa-mir-202	110
hsa-mir-203a	110
hsa-mir-203b	86
hsa-mir-204	110
hsa-mir-205	91
hsa-mir-2052	55
hsa-mir-2053	91
hsa-mir-2054	49
hsa-mir-206	86
hsa-mir-208a	71
hsa-mir-208b	77
hsa-mir-20a	71
hsa-mir-20b	69
hsa-mir-21	80
hsa-mir-210	110
hsa-mir-211	80
hsa-mir-2110	75
hsa-mir-2113	91
hsa-mir-2114	80
hsa-mir-2115	100
hsa-mir-2116	80
hsa-mir-2117	80
hsa-mir-212	110
hsa-mir-214	110
hsa-mir-215	110
hsa-mir-216a	110
hsa-mir-216b	82
hsa-mir-217	110
hsa-mir-218-1	110
hsa-mir-218-2	110
hsa-mir-219a-1	110
hsa-mir-219a-2	97
hsa-mir-219b	97
hsa-mir-22	89
hsa-mir-221	110
hsa-mir-222	110
hsa-mir-223	110
hsa-mir-224	81
hsa-mir-2276	89
hsa-mir-2277	93
hsa-mir-2278	96
hsa-mir-2355	87
hsa-mir-2392	84
hsa-mir-23a	73
hsa-mir-23b	97
hsa-mir-23c	100
hsa-mir-24-1	68
hsa-mir-24-2	73
hsa-mir-2467	81
hsa-mir-25	84
hsa-mir-2681	105
hsa-mir-2682	110
hsa-mir-26a-1	77
hsa-mir-26a-2	84
hsa-mir-26b	77
hsa-mir-27a	78
hsa-mir-27b	97
hsa-mir-28	90
hsa-mir-2861	90
hsa-mir-2909	69
hsa-mir-296	80
hsa-mir-297	66
hsa-mir-298	88
hsa-mir-299	63
hsa-mir-29a	64
hsa-mir-29b-1	81
hsa-mir-29b-2	81
hsa-mir-29c	88
hsa-mir-300	83
hsa-mir-301a	86
hsa-mir-301b	78
hsa-mir-302a	69
hsa-mir-302b	73
hsa-mir-302c	68
hsa-mir-302d	68
hsa-mir-302e	72
hsa-mir-302f	51
hsa-mir-3064	66
hsa-mir-3065	79
hsa-mir-3074	81
hsa-mir-30a	71
hsa-mir-30b	88
hsa-mir-30c-1	89
hsa-mir-30c-2	72
hsa-mir-30d	70
hsa-mir-30e	92
hsa-mir-31	85
hsa-mir-3115	68
hsa-mir-3116-1	74
hsa-mir-3116-2	74
hsa-mir-3117	78
hsa-mir-3118-1	76
hsa-mir-3118-2	75
hsa-mir-3118-3	75
hsa-mir-3118-4	75
hsa-mir-3119-1	85
hsa-mir-3119-2	85
hsa-mir-3120	81
hsa-mir-3121	77
hsa-mir-3122	73
hsa-mir-3123	75
hsa-mir-3124	67
hsa-mir-3125	78
hsa-mir-3126	74
hsa-mir-3127	76
hsa-mir-3128	66
hsa-mir-3129	76
hsa-mir-3130-1	75
hsa-mir-3130-2	75
hsa-mir-3131	63
hsa-mir-3132	75
hsa-mir-3133	78
hsa-mir-3134	74
hsa-mir-3135a	77
hsa-mir-3135b	68
hsa-mir-3136	78
hsa-mir-3137	75
hsa-mir-3138	82
hsa-mir-3139	76
hsa-mir-3140	90
hsa-mir-3141	61
hsa-mir-3142	82
hsa-mir-3143	63
hsa-mir-3144	79
hsa-mir-3145	82
hsa-mir-3146	79
hsa-mir-3147	66
hsa-mir-3148	77
hsa-mir-3149	83
hsa-mir-3150a	86
hsa-mir-3150b	86
hsa-mir-3151	76
hsa-mir-3152	74
hsa-mir-3153	82
hsa-mir-3154	84
hsa-mir-3155a	82
hsa-mir-3155b	56
hsa-mir-3156-1	75
hsa-mir-3156-2	77
hsa-mir-3156-3	77
hsa-mir-3157	85
hsa-mir-3158-1	81
hsa-mir-3158-2	81
hsa-mir-3159	74
hsa-mir-3160-1	85
hsa-mir-3160-2	85
hsa-mir-3161	77
hsa-mir-3162	82
hsa-mir-3163	73
hsa-mir-3164	83
hsa-mir-3165	75
hsa-mir-3166	92
hsa-mir-3167	85
hsa-mir-3168	82
hsa-mir-3169	83
hsa-mir-3170	77
hsa-mir-3171	74
hsa-mir-3173	68
hsa-mir-3174	87
hsa-mir-3175	77
hsa-mir-3176	90
hsa-mir-3177	82
hsa-mir-3178	84
hsa-mir-3179-1	84
hsa-mir-3179-2	84
hsa-mir-3179-3	84
hsa-mir-3179-4	84
hsa-mir-3180-1	94
hsa-mir-3180-2	88
hsa-mir-3180-3	94
hsa-mir-3180-4	153
hsa-mir-3180-5	153
hsa-mir-3181	73
hsa-mir-3182	63
hsa-mir-3183	84
hsa-mir-3184	75
hsa-mir-3185	68
hsa-mir-3186	85
hsa-mir-3187	70
hsa-mir-3188	85
hsa-mir-3189	73
hsa-mir-3190	80
hsa-mir-3191	80
hsa-mir-3192	77
hsa-mir-3193	55
hsa-mir-3194	73
hsa-mir-3195	84
hsa-mir-3196	64
hsa-mir-3197	73
hsa-mir-3198-1	80
hsa-mir-3198-2	80
hsa-mir-3199-1	88
hsa-mir-3199-2	88
hsa-mir-32	52
hsa-mir-3200	85
hsa-mir-3201	52
hsa-mir-3202-1	81
hsa-mir-3202-2	81
hsa-mir-320a	82
hsa-mir-320b-1	79
hsa-mir-320b-2	138
hsa-mir-320c-1	88
hsa-mir-320c-2	50
hsa-mir-320d-1	48
hsa-mir-320d-2	48
hsa-mir-320e	53
hsa-mir-323a	86
hsa-mir-323b	82
hsa-mir-324	83
hsa-mir-325	98
hsa-mir-326	95
hsa-mir-328	75
hsa-mir-329-1	80
hsa-mir-329-2	84
hsa-mir-330	94
hsa-mir-331	94
hsa-mir-335	94
hsa-mir-337	93
hsa-mir-338	67
hsa-mir-339	94
hsa-mir-33a	69
hsa-mir-33b	96
hsa-mir-340	95
hsa-mir-342	99
hsa-mir-345	98
hsa-mir-346	95
hsa-mir-34a	110
hsa-mir-34b	84
hsa-mir-34c	77
hsa-mir-3529	78
hsa-mir-3591	75
hsa-mir-3605	100
hsa-mir-3606	63
hsa-mir-3607	63
hsa-mir-3609	80
hsa-mir-361	87
hsa-mir-3610	73
hsa-mir-3611	83
hsa-mir-3612	87
hsa-mir-3613	87
hsa-mir-3614	86
hsa-mir-3615	87
hsa-mir-3616	92
hsa-mir-3617	79
hsa-mir-3618	88
hsa-mir-3619	83
hsa-mir-362	79
hsa-mir-3620	79
hsa-mir-3621	85
hsa-mir-3622a	83
hsa-mir-3622b	95
hsa-mir-363	75
hsa-mir-3646	84
hsa-mir-3648-1	180
hsa-mir-3648-2	180
hsa-mir-3649	66
hsa-mir-3650	60
hsa-mir-3651	90
hsa-mir-3652	131
hsa-mir-3653	131
hsa-mir-3654	56
hsa-mir-3655	83
hsa-mir-3656	83
hsa-mir-3657	117
hsa-mir-3658	56
hsa-mir-3659	99
hsa-mir-365a	87
hsa-mir-365b	111
hsa-mir-3660	100
hsa-mir-3661	96
hsa-mir-3662	95
hsa-mir-3663	97
hsa-mir-3664	99
hsa-mir-3665	105
hsa-mir-3666	111
hsa-mir-3667	74
hsa-mir-3668	75
hsa-mir-367	82
hsa-mir-3670-1	65
hsa-mir-3670-2	65
hsa-mir-3670-3	65
hsa-mir-3670-4	65
hsa-mir-3671	88
hsa-mir-3672	82
hsa-mir-3674	68
hsa-mir-3675	73
hsa-mir-3677	60
hsa-mir-3678	94
hsa-mir-3679	68
hsa-mir-3680-1	87
hsa-mir-3680-2	87
hsa-mir-3681	72
hsa-mir-3682	84
hsa-mir-3683	82
hsa-mir-3684	74
hsa-mir-3685	62
hsa-mir-3686	86
hsa-mir-3687-1	86
hsa-mir-3687-2	86
hsa-mir-3688-1	93
hsa-mir-3688-2	93
hsa-mir-3689a	78
hsa-mir-3689b	148
hsa-mir-3689c	72
hsa-mir-3689d-1	74
hsa-mir-3689d-2	80
hsa-mir-3689e	72
hsa-mir-3689f	66
hsa-mir-369	75
hsa-mir-3690-1	75
hsa-mir-3690-2	75
hsa-mir-3691	90
hsa-mir-3692	69
hsa-mir-370	75
hsa-mir-3713	45
hsa-mir-3714	65
hsa-mir-371a	67
hsa-mir-371b	66
hsa-mir-372	67
hsa-mir-373	69
hsa-mir-374a	72
hsa-mir-374b	72
hsa-mir-374c	72
hsa-mir-375	64
hsa-mir-376a-1	68
hsa-mir-376a-2	80
hsa-mir-376b	100
hsa-mir-376c	66
hsa-mir-377	69
hsa-mir-378a	66
hsa-mir-378b	57
hsa-mir-378c	81
hsa-mir-378d-1	54
hsa-mir-378d-2	98
hsa-mir-378e	79
hsa-mir-378f	78
hsa-mir-378g	41
hsa-mir-378h	83
hsa-mir-378i	76
hsa-mir-378j	109
hsa-mir-379	67
hsa-mir-380	61
hsa-mir-381	75
hsa-mir-382	76
hsa-mir-383	73
hsa-mir-384	88
hsa-mir-3907	151
hsa-mir-3908	126
hsa-mir-3909	119
hsa-mir-3910-1	111
hsa-mir-3910-2	82
hsa-mir-3911	109
hsa-mir-3912	105
hsa-mir-3913-1	102
hsa-mir-3913-2	102
hsa-mir-3914-1	99
hsa-mir-3914-2	99
hsa-mir-3915	97
hsa-mir-3916	94
hsa-mir-3917	93
hsa-mir-3918	93
hsa-mir-3919	89
hsa-mir-3920	86
hsa-mir-3921	85
hsa-mir-3922	84
hsa-mir-3923	83
hsa-mir-3924	81
hsa-mir-3925	77
hsa-mir-3926-1	73
hsa-mir-3926-2	63
hsa-mir-3927	71
hsa-mir-3928	58
hsa-mir-3929	55
hsa-mir-3934	107
hsa-mir-3935	104
hsa-mir-3936	110
hsa-mir-3937	106
hsa-mir-3938	103
hsa-mir-3939	106
hsa-mir-3940	102
hsa-mir-3941	103
hsa-mir-3942	109
hsa-mir-3943	100
hsa-mir-3944	108
hsa-mir-3945	98
hsa-mir-3960	91
hsa-mir-3972	87
hsa-mir-3973	107
hsa-mir-3974	96
hsa-mir-3975	70
hsa-mir-3976	139
hsa-mir-3977	70
hsa-mir-3978	101
hsa-mir-409	79
hsa-mir-410	80
hsa-mir-411	96
hsa-mir-412	91
hsa-mir-421	85
hsa-mir-422a	90
hsa-mir-423	94
hsa-mir-424	98
hsa-mir-425	61
hsa-mir-4251	61
hsa-mir-4252	63
hsa-mir-4253	68
hsa-mir-4254	76
hsa-mir-4255	72
hsa-mir-4256	64
hsa-mir-4257	86
hsa-mir-4258	91
hsa-mir-4259	101
hsa-mir-4260	67
hsa-mir-4261	58
hsa-mir-4262	54
hsa-mir-4263	83
hsa-mir-4264	66
hsa-mir-4265	99
hsa-mir-4266	55
hsa-mir-4267	82
hsa-mir-4268	64
hsa-mir-4269	84
hsa-mir-4270	70
hsa-mir-4271	67
hsa-mir-4272	64
hsa-mir-4273	84
hsa-mir-4274	91
hsa-mir-4275	87
hsa-mir-4276	70
hsa-mir-4277	84
hsa-mir-4278	69
hsa-mir-4279	58
hsa-mir-4280	76
hsa-mir-4281	62
hsa-mir-4282	67
hsa-mir-4283-1	80
hsa-mir-4283-2	80
hsa-mir-4284	81
hsa-mir-4285	85
hsa-mir-4286	93
hsa-mir-4287	78
hsa-mir-4288	67
hsa-mir-4289	70
hsa-mir-429	73
hsa-mir-4290	95
hsa-mir-4291	65
hsa-mir-4292	67
hsa-mir-4293	78
hsa-mir-4294	76
hsa-mir-4295	85
hsa-mir-4296	88
hsa-mir-4297	76
hsa-mir-4298	73
hsa-mir-4299	72
hsa-mir-4300	96
hsa-mir-4301	66
hsa-mir-4302	60
hsa-mir-4303	66
hsa-mir-4304	62
hsa-mir-4305	102
hsa-mir-4306	91
hsa-mir-4307	84
hsa-mir-4308	81
hsa-mir-4309	83
hsa-mir-431	65
hsa-mir-4310	57
hsa-mir-4311	100
hsa-mir-4312	76
hsa-mir-4313	101
hsa-mir-4314	92
hsa-mir-4315-1	73
hsa-mir-4315-2	73
hsa-mir-4316	71
hsa-mir-4317	65
hsa-mir-4318	81
hsa-mir-4319	85
hsa-mir-432	85
hsa-mir-4320	65
hsa-mir-4321	80
hsa-mir-4322	73
hsa-mir-4323	69
hsa-mir-4324	72
hsa-mir-4325	90
hsa-mir-4326	59
hsa-mir-4327	85
hsa-mir-4328	56
hsa-mir-4329	71
hsa-mir-433	105
hsa-mir-4330	105
hsa-mir-4417	73
hsa-mir-4418	62
hsa-mir-4419a	77
hsa-mir-4419b	68
hsa-mir-4420	77
hsa-mir-4421	69
hsa-mir-4422	83
hsa-mir-4423	80
hsa-mir-4424	86
hsa-mir-4425	84
hsa-mir-4426	63
hsa-mir-4427	68
hsa-mir-4428	73
hsa-mir-4429	73
hsa-mir-4430	49
hsa-mir-4431	94
hsa-mir-4432	84
hsa-mir-4433a	81
hsa-mir-4433b	102
hsa-mir-4434	53
hsa-mir-4435-1	80
hsa-mir-4435-2	74
hsa-mir-4436a	85
hsa-mir-4436b-1	91
hsa-mir-4436b-2	91
hsa-mir-4437	60
hsa-mir-4438	93
hsa-mir-4439	80
hsa-mir-4440	98
hsa-mir-4441	100
hsa-mir-4442	67
hsa-mir-4443	53
hsa-mir-4444-1	74
hsa-mir-4444-2	74
hsa-mir-4445	70
hsa-mir-4446	67
hsa-mir-4447	91
hsa-mir-4448	86
hsa-mir-4449	66
hsa-mir-4450	65
hsa-mir-4451	66
hsa-mir-4452	71
hsa-mir-4453	89
hsa-mir-4454	55
hsa-mir-4455	58
hsa-mir-4456	43
hsa-mir-4457	68
hsa-mir-4458	75
hsa-mir-4459	66
hsa-mir-4460	86
hsa-mir-4461	74
hsa-mir-4462	58
hsa-mir-4463	67
hsa-mir-4464	92
hsa-mir-4465	70
hsa-mir-4466	54
hsa-mir-4467	63
hsa-mir-4468	64
hsa-mir-4469	79
hsa-mir-4470	72
hsa-mir-4471	83
hsa-mir-4472-1	80
hsa-mir-4472-2	67
hsa-mir-4473	91
hsa-mir-4474	78
hsa-mir-4475	61
hsa-mir-4476	70
hsa-mir-4477a	81
hsa-mir-4477b	81
hsa-mir-4478	86
hsa-mir-4479	71
hsa-mir-448	71
hsa-mir-4480	71
hsa-mir-4481	60
hsa-mir-4482	70
hsa-mir-4483	62
hsa-mir-4484	83
hsa-mir-4485	57
hsa-mir-4486	63
hsa-mir-4487	73
hsa-mir-4488	62
hsa-mir-4489	62
hsa-mir-4490	84
hsa-mir-4491	68
hsa-mir-4492	80
hsa-mir-4493	73
hsa-mir-4494	84
hsa-mir-4495	66
hsa-mir-4496	61
hsa-mir-4497	89
hsa-mir-4498	66
hsa-mir-4499	69
hsa-mir-449a	91
hsa-mir-449b	97
hsa-mir-449c	92
hsa-mir-4500	76
hsa-mir-4501	64
hsa-mir-4502	81
hsa-mir-4503	83
hsa-mir-4504	92
hsa-mir-4505	73
hsa-mir-4506	77
hsa-mir-4507	52
hsa-mir-4508	70
hsa-mir-4509-1	94
hsa-mir-4509-2	94
hsa-mir-4509-3	94
hsa-mir-450a-1	91
hsa-mir-450a-2	100
hsa-mir-450b	78
hsa-mir-4510	68
hsa-mir-4511	87
hsa-mir-4512	77
hsa-mir-4513	86
hsa-mir-4514	57
hsa-mir-4515	81
hsa-mir-4516	86
hsa-mir-4517	79
hsa-mir-4518	83
hsa-mir-4519	58
hsa-mir-451a	72
hsa-mir-451b	72
hsa-mir-452	78
hsa-mir-4520-1	70
hsa-mir-4520-2	54
hsa-mir-4521	60
hsa-mir-4522	87
hsa-mir-4523	69
hsa-mir-4524a	69
hsa-mir-4524b	115
hsa-mir-4525	75
hsa-mir-4526	87
hsa-mir-4527	70
hsa-mir-4528	90
hsa-mir-4529	78
hsa-mir-4530	56
hsa-mir-4531	47
hsa-mir-4532	51
hsa-mir-4533	71
hsa-mir-4534	60
hsa-mir-4535	59
hsa-mir-4536-1	88
hsa-mir-4536-2	88
hsa-mir-4537	70
hsa-mir-4538	78
hsa-mir-4539	60
hsa-mir-454	55
hsa-mir-4540	55
hsa-mir-455	96
hsa-mir-4632	61
hsa-mir-4633	79
hsa-mir-4634	54
hsa-mir-4635	79
hsa-mir-4636	80
hsa-mir-4637	84
hsa-mir-4638	68
hsa-mir-4639	69
hsa-mir-4640	90
hsa-mir-4641	66
hsa-mir-4642	82
hsa-mir-4643	78
hsa-mir-4644	84
hsa-mir-4645	77
hsa-mir-4646	63
hsa-mir-4647	80
hsa-mir-4648	72
hsa-mir-4649	64
hsa-mir-4650-1	76
hsa-mir-4650-2	76
hsa-mir-4651	73
hsa-mir-4652	78
hsa-mir-4653	83
hsa-mir-4654	76
hsa-mir-4655	74
hsa-mir-4656	75
hsa-mir-4657	53
hsa-mir-4658	65
hsa-mir-4659a	81
hsa-mir-4659b	81
hsa-mir-466	79
hsa-mir-4660	74
hsa-mir-4661	75
hsa-mir-4662a	67
hsa-mir-4662b	81
hsa-mir-4663	76
hsa-mir-4664	71
hsa-mir-4665	79
hsa-mir-4666a	79
hsa-mir-4666b	81
hsa-mir-4667	66
hsa-mir-4668	70
hsa-mir-4669	62
hsa-mir-4670	75
hsa-mir-4671	73
hsa-mir-4672	81
hsa-mir-4673	59
hsa-mir-4674	87
hsa-mir-4675	77
hsa-mir-4676	72
hsa-mir-4677	80
hsa-mir-4678	74
hsa-mir-4679-1	77
hsa-mir-4679-2	77
hsa-mir-4680	66
hsa-mir-4681	72
hsa-mir-4682	80
hsa-mir-4683	81
hsa-mir-4684	82
hsa-mir-4685	69
hsa-mir-4686	76
hsa-mir-4687	80
hsa-mir-4688	83
hsa-mir-4689	70
hsa-mir-4690	60
hsa-mir-4691	85
hsa-mir-4692	63
hsa-mir-4693	75
hsa-mir-4694	80
hsa-mir-4695	74
hsa-mir-4696	70
hsa-mir-4697	78
hsa-mir-4698	80
hsa-mir-4699	74
hsa-mir-4700	74
hsa-mir-4701	63
hsa-mir-4703	79
hsa-mir-4704	75
hsa-mir-4705	71
hsa-mir-4706	82
hsa-mir-4707	80
hsa-mir-4708	67
hsa-mir-4709	72
hsa-mir-4710	56
hsa-mir-4711	70
hsa-mir-4712	82
hsa-mir-4713	75
hsa-mir-4714	77
hsa-mir-4715	79
hsa-mir-4716	84
hsa-mir-4717	72
hsa-mir-4718	51
hsa-mir-4719	84
hsa-mir-4720	76
hsa-mir-4721	89
hsa-mir-4722	60
hsa-mir-4723	81
hsa-mir-4724	89
hsa-mir-4725	90
hsa-mir-4726	58
hsa-mir-4727	55
hsa-mir-4728	67
hsa-mir-4729	72
hsa-mir-4730	76
hsa-mir-4731	70
hsa-mir-4732	76
hsa-mir-4733	76
hsa-mir-4734	70
hsa-mir-4735	69
hsa-mir-4736	47
hsa-mir-4737	81
hsa-mir-4738	87
hsa-mir-4739	74
hsa-mir-4740	63
hsa-mir-4741	90
hsa-mir-4742	85
hsa-mir-4743	69
hsa-mir-4744	82
hsa-mir-4745	62
hsa-mir-4746	71
hsa-mir-4747	54
hsa-mir-4748	82
hsa-mir-4749	61
hsa-mir-4750	56
hsa-mir-4751	74
hsa-mir-4752	72
hsa-mir-4753	83
hsa-mir-4754	89
hsa-mir-4755	72
hsa-mir-4756	78
hsa-mir-4757	77
hsa-mir-4758	71
hsa-mir-4759	83
hsa-mir-4760	80
hsa-mir-4761	82
hsa-mir-4762	75
hsa-mir-4763	92
hsa-mir-4764	88
hsa-mir-4765	77
hsa-mir-4766	76
hsa-mir-4767	78
hsa-mir-4768	74
hsa-mir-4769	77
hsa-mir-4770	58
hsa-mir-4771-1	74
hsa-mir-4771-2	74
hsa-mir-4772	78
hsa-mir-4773-1	78
hsa-mir-4773-2	78
hsa-mir-4774	76
hsa-mir-4775	75
hsa-mir-4776-1	80
hsa-mir-4776-2	80
hsa-mir-4777	86
hsa-mir-4778	80
hsa-mir-4779	83
hsa-mir-4780	81
hsa-mir-4781	76
hsa-mir-4782	79
hsa-mir-4783	82
hsa-mir-4784	77
hsa-mir-4785	73
hsa-mir-4786	80
hsa-mir-4787	84
hsa-mir-4788	84
hsa-mir-4789	82
hsa-mir-4790	79
hsa-mir-4791	84
hsa-mir-4792	74
hsa-mir-4793	87
hsa-mir-4794	77
hsa-mir-4795	89
hsa-mir-4796	81
hsa-mir-4797	71
hsa-mir-4798	75
hsa-mir-4799	74
hsa-mir-4800	80
hsa-mir-4801	82
hsa-mir-4802	80
hsa-mir-4803	74
hsa-mir-4804	73
hsa-mir-483	76
hsa-mir-484	79
hsa-mir-485	73
hsa-mir-486-1	68
hsa-mir-486-2	68
hsa-mir-487a	80
hsa-mir-487b	84
hsa-mir-488	83
hsa-mir-489	84
hsa-mir-490	128
hsa-mir-491	84
hsa-mir-492	116
hsa-mir-493	89
hsa-mir-494	81
hsa-mir-495	82
hsa-mir-496	102
hsa-mir-497	112
hsa-mir-498	124
hsa-mir-4999	91
hsa-mir-499a	122
hsa-mir-499b	73
hsa-mir-5000	103
hsa-mir-5001	100
hsa-mir-5002	97
hsa-mir-5003	99
hsa-mir-5004	107
hsa-mir-5006	110
hsa-mir-5007	95
hsa-mir-5008	94
hsa-mir-5009	100
hsa-mir-500a	84
hsa-mir-500b	79
hsa-mir-501	103
hsa-mir-5010	120
hsa-mir-5011	103
hsa-mir-502	86
hsa-mir-503	71
hsa-mir-504	100
hsa-mir-5047	100
hsa-mir-505	84
hsa-mir-506	124
hsa-mir-507	94
hsa-mir-508	76
hsa-mir-5087	76
hsa-mir-5088	79
hsa-mir-5089	84
hsa-mir-509-1	94
hsa-mir-509-2	91
hsa-mir-509-3	75
hsa-mir-5090	85
hsa-mir-5091	93
hsa-mir-5092	88
hsa-mir-5093	100
hsa-mir-5094	85
hsa-mir-5095	88
hsa-mir-5096	70
hsa-mir-510	119
hsa-mir-5100	119
hsa-mir-511	87
hsa-mir-512-1	84
hsa-mir-512-2	98
hsa-mir-513a-1	129
hsa-mir-513a-2	127
hsa-mir-513b	84
hsa-mir-513c	84
hsa-mir-514a-1	98
hsa-mir-514a-2	88
hsa-mir-514a-3	88
hsa-mir-514b	80
hsa-mir-515-1	83
hsa-mir-515-2	83
hsa-mir-516a-1	90
hsa-mir-516a-2	90
hsa-mir-516b-1	90
hsa-mir-516b-2	85
hsa-mir-517a	87
hsa-mir-517b	67
hsa-mir-517c	95
hsa-mir-5186	120
hsa-mir-5187	76
hsa-mir-5188	113
hsa-mir-5189	114
hsa-mir-518a-1	85
hsa-mir-518a-2	87
hsa-mir-518b	83
hsa-mir-518c	101
hsa-mir-518d	87
hsa-mir-518e	88
hsa-mir-518f	87
hsa-mir-5190	80
hsa-mir-5191	120
hsa-mir-5192	92
hsa-mir-5193	109
hsa-mir-5194	120
hsa-mir-5195	115
hsa-mir-5196	115
hsa-mir-5197	112
hsa-mir-519a-1	85
hsa-mir-519a-2	87
hsa-mir-519b	81
hsa-mir-519c	87
hsa-mir-519d	88
hsa-mir-519e	84
hsa-mir-520a	85
hsa-mir-520b	61
hsa-mir-520c	87
hsa-mir-520d	87
hsa-mir-520e	87
hsa-mir-520f	87
hsa-mir-520g	90
hsa-mir-520h	88
hsa-mir-521-1	87
hsa-mir-521-2	87
hsa-mir-522	87
hsa-mir-523	87
hsa-mir-524	87
hsa-mir-525	85
hsa-mir-526a-1	85
hsa-mir-526a-2	65
hsa-mir-526b	83
hsa-mir-527	85
hsa-mir-532	91
hsa-mir-539	78
hsa-mir-541	84
hsa-mir-542	97
hsa-mir-543	78
hsa-mir-544a	91
hsa-mir-544b	78
hsa-mir-545	106
hsa-mir-548a-1	97
hsa-mir-548a-2	97
hsa-mir-548a-3	97
hsa-mir-548aa-1	97
hsa-mir-548aa-2	97
hsa-mir-548ab	84
hsa-mir-548ac	88
hsa-mir-548ad	82
hsa-mir-548ae-1	70
hsa-mir-548ae-2	67
hsa-mir-548ag-1	66
hsa-mir-548ag-2	64
hsa-mir-548ah	76
hsa-mir-548ai	88
hsa-mir-548aj-1	72
hsa-mir-548aj-2	92
hsa-mir-548ak	57
hsa-mir-548al	97
hsa-mir-548am	74
hsa-mir-548an	83
hsa-mir-548ao	96
hsa-mir-548ap	96
hsa-mir-548aq	58
hsa-mir-548ar	57
hsa-mir-548as	58
hsa-mir-548at	58
hsa-mir-548au	54
hsa-mir-548av	62
hsa-mir-548aw	65
hsa-mir-548ax	73
hsa-mir-548ay	107
hsa-mir-548az	95
hsa-mir-548b	56
hsa-mir-548ba	56
hsa-mir-548bb	66
hsa-mir-548c	97
hsa-mir-548d-1	97
hsa-mir-548d-2	97
hsa-mir-548e	88
hsa-mir-548f-1	84
hsa-mir-548f-2	98
hsa-mir-548f-3	87
hsa-mir-548f-4	105
hsa-mir-548f-5	86
hsa-mir-548g	89
hsa-mir-548h-1	102
hsa-mir-548h-2	88
hsa-mir-548h-3	118
hsa-mir-548h-4	111
hsa-mir-548h-5	60
hsa-mir-548i-1	149
hsa-mir-548i-2	149
hsa-mir-548i-3	149
hsa-mir-548i-4	77
hsa-mir-548j	112
hsa-mir-548k	116
hsa-mir-548l	86
hsa-mir-548m	86
hsa-mir-548n	75
hsa-mir-548o	70
hsa-mir-548o-2	70
hsa-mir-548p	84
hsa-mir-548q	100
hsa-mir-548s	82
hsa-mir-548t	74
hsa-mir-548u	81
hsa-mir-548v	80
hsa-mir-548w	74
hsa-mir-548x	100
hsa-mir-548x-2	100
hsa-mir-548y	110
hsa-mir-548z	97
hsa-mir-549a	96
hsa-mir-550a-1	97
hsa-mir-550a-2	97
hsa-mir-550a-3	95
hsa-mir-550b-1	97
hsa-mir-550b-2	97
hsa-mir-551a	96
hsa-mir-551b	96
hsa-mir-552	96
hsa-mir-553	68
hsa-mir-554	96
hsa-mir-555	96
hsa-mir-556	95
hsa-mir-557	113
hsa-mir-5571	113
hsa-mir-5572	137
hsa-mir-5579	58
hsa-mir-558	59
hsa-mir-5580	58
hsa-mir-5581	60
hsa-mir-5582	68
hsa-mir-5583-1	59
hsa-mir-5583-2	59
hsa-mir-5584	60
hsa-mir-5585	59
hsa-mir-5586	59
hsa-mir-5587	53
hsa-mir-5588	63
hsa-mir-5589	60
hsa-mir-559	65
hsa-mir-5590	54
hsa-mir-5591	65
hsa-mir-561	97
hsa-mir-562	95
hsa-mir-563	79
hsa-mir-564	94
hsa-mir-566	94
hsa-mir-567	98
hsa-mir-568	84
hsa-mir-5680	84
hsa-mir-5681a	75
hsa-mir-5681b	60
hsa-mir-5682	76
hsa-mir-5683	76
hsa-mir-5684	65
hsa-mir-5685	79
hsa-mir-5687	77
hsa-mir-5688	83
hsa-mir-5689	78
hsa-mir-569	87
hsa-mir-5690	73
hsa-mir-5691	68
hsa-mir-5692a-1	69
hsa-mir-5692a-2	59
hsa-mir-5692b	87
hsa-mir-5692c-1	91
hsa-mir-5692c-2	77
hsa-mir-5693	73
hsa-mir-5694	76
hsa-mir-5695	85
hsa-mir-5696	85
hsa-mir-5697	78
hsa-mir-5698	72
hsa-mir-5699	90
hsa-mir-570	82
hsa-mir-5700	71
hsa-mir-5701-1	82
hsa-mir-5701-2	82
hsa-mir-5701-3	82
hsa-mir-5702	84
hsa-mir-5703	56
hsa-mir-5704	77
hsa-mir-5705	89
hsa-mir-5706	80
hsa-mir-5707	81
hsa-mir-5708	85
hsa-mir-571	96
hsa-mir-572	95
hsa-mir-573	80
hsa-mir-5739	80
hsa-mir-574	96
hsa-mir-575	94
hsa-mir-576	98
hsa-mir-577	96
hsa-mir-578	55
hsa-mir-5787	55
hsa-mir-579	98
hsa-mir-580	97
hsa-mir-581	96
hsa-mir-582	98
hsa-mir-583	75
hsa-mir-584	97
hsa-mir-585	94
hsa-mir-586	97
hsa-mir-587	96
hsa-mir-588	83
hsa-mir-589	99
hsa-mir-590	97
hsa-mir-591	95
hsa-mir-592	97
hsa-mir-593	100
hsa-mir-595	96
hsa-mir-596	77
hsa-mir-597	97
hsa-mir-598	97
hsa-mir-599	95
hsa-mir-600	98
hsa-mir-601	79
hsa-mir-602	98
hsa-mir-603	97
hsa-mir-604	94
hsa-mir-605	83
hsa-mir-606	79
hsa-mir-6068	60
hsa-mir-6069	79
hsa-mir-607	103
hsa-mir-6070	103
hsa-mir-6071	78
hsa-mir-6072	71
hsa-mir-6073	89
hsa-mir-6074	107
hsa-mir-6075	95
hsa-mir-6076	113
hsa-mir-6077	82
hsa-mir-6078	100
hsa-mir-6079	62
hsa-mir-608	64
hsa-mir-6080	66
hsa-mir-6081	97
hsa-mir-6082	109
hsa-mir-6083	106
hsa-mir-6084	110
hsa-mir-6085	110
hsa-mir-6086	55
hsa-mir-6087	55
hsa-mir-6088	51
hsa-mir-6089-1	64
hsa-mir-6089-2	64
hsa-mir-609	95
hsa-mir-6090	60
hsa-mir-610	96
hsa-mir-611	67
hsa-mir-612	96
hsa-mir-6124	85
hsa-mir-6125	96
hsa-mir-6126	89
hsa-mir-6127	109
hsa-mir-6128	109
hsa-mir-6129	109
hsa-mir-613	109
hsa-mir-6130	109
hsa-mir-6131	109
hsa-mir-6132	109
hsa-mir-6133	108
hsa-mir-6134	109
hsa-mir-614	90
hsa-mir-615	96
hsa-mir-616	97
hsa-mir-6165	84
hsa-mir-617	97
hsa-mir-618	98
hsa-mir-619	99
hsa-mir-620	95
hsa-mir-621	96
hsa-mir-622	96
hsa-mir-623	98
hsa-mir-624	97
hsa-mir-625	85
hsa-mir-626	94
hsa-mir-627	97
hsa-mir-628	95
hsa-mir-629	97
hsa-mir-630	97
hsa-mir-631	75
hsa-mir-632	94
hsa-mir-633	98
hsa-mir-634	97
hsa-mir-635	98
hsa-mir-636	99
hsa-mir-637	99
hsa-mir-638	100
hsa-mir-639	98
hsa-mir-640	96
hsa-mir-641	99
hsa-mir-642a	97
hsa-mir-642b	77
hsa-mir-643	97
hsa-mir-644a	94
hsa-mir-645	94
hsa-mir-646	94
hsa-mir-647	96
hsa-mir-648	94
hsa-mir-649	62
hsa-mir-6499	62
hsa-mir-650	60
hsa-mir-6500	86
hsa-mir-6501	67
hsa-mir-6502	76
hsa-mir-6503	86
hsa-mir-6504	61
hsa-mir-6505	71
hsa-mir-6506	66
hsa-mir-6507	70
hsa-mir-6508	60
hsa-mir-6509	85
hsa-mir-651	77
hsa-mir-6510	54
hsa-mir-6511a-1	67
hsa-mir-6511a-2	67
hsa-mir-6511a-3	67
hsa-mir-6511a-4	67
hsa-mir-6511b-1	85
hsa-mir-6511b-2	71
hsa-mir-6512	77
hsa-mir-6513	64
hsa-mir-6514	70
hsa-mir-6515	57
hsa-mir-6516	81
hsa-mir-652	98
hsa-mir-653	96
hsa-mir-654	81
hsa-mir-655	97
hsa-mir-656	78
hsa-mir-657	98
hsa-mir-658	100
hsa-mir-659	97
hsa-mir-660	97
hsa-mir-661	89
hsa-mir-662	95
hsa-mir-663a	93
hsa-mir-663b	115
hsa-mir-664a	82
hsa-mir-664b	61
hsa-mir-665	72
hsa-mir-668	66
hsa-mir-670	98
hsa-mir-671	87
hsa-mir-6715a	79
hsa-mir-6715b	77
hsa-mir-6716	80
hsa-mir-6717	73
hsa-mir-6718	80
hsa-mir-6719	87
hsa-mir-6720	98
hsa-mir-6721	87
hsa-mir-6722	78
hsa-mir-6723	78
hsa-mir-6724-1	92
hsa-mir-6724-2	92
hsa-mir-6724-3	92
hsa-mir-6724-4	92
hsa-mir-6726	61
hsa-mir-6727	65
hsa-mir-6728	89
hsa-mir-6729	65
hsa-mir-6730	67
hsa-mir-6731	72
hsa-mir-6732	60
hsa-mir-6733	61
hsa-mir-6734	68
hsa-mir-6735	73
hsa-mir-6736	59
hsa-mir-6737	70
hsa-mir-6738	64
hsa-mir-6739	75
hsa-mir-6740	113
hsa-mir-6741	63
hsa-mir-6742	62
hsa-mir-6743	71
hsa-mir-6744	66
hsa-mir-6745	127
hsa-mir-6746	63
hsa-mir-6747	61
hsa-mir-6748	71
hsa-mir-6749	69
hsa-mir-675	73
hsa-mir-6750	75
hsa-mir-6751	63
hsa-mir-6752	71
hsa-mir-6753	164
hsa-mir-6754	66
hsa-mir-6755	66
hsa-mir-6756	63
hsa-mir-6757	69
hsa-mir-6758	63
hsa-mir-6759	65
hsa-mir-676	62
hsa-mir-6760	68
hsa-mir-6761	72
hsa-mir-6762	86
hsa-mir-6763	65
hsa-mir-6764	61
hsa-mir-6765	87
hsa-mir-6766	72
hsa-mir-6767	66
hsa-mir-6768	72
hsa-mir-6769a	73
hsa-mir-6769b	62
hsa-mir-6770-1	60
hsa-mir-6770-2	60
hsa-mir-6770-3	60
hsa-mir-6771	60
hsa-mir-6772	64
hsa-mir-6773	74
hsa-mir-6774	70
hsa-mir-6775	69
hsa-mir-6776	59
hsa-mir-6777	66
hsa-mir-6778	73
hsa-mir-6779	64
hsa-mir-6780a	68
hsa-mir-6780b	79
hsa-mir-6781	64
hsa-mir-6782	69
hsa-mir-6783	64
hsa-mir-6784	67
hsa-mir-6785	81
hsa-mir-6786	113
hsa-mir-6787	61
hsa-mir-6788	66
hsa-mir-6789	98
hsa-mir-6790	63
hsa-mir-6791	67
hsa-mir-6792	67
hsa-mir-6793	63
hsa-mir-6794	68
hsa-mir-6795	68
hsa-mir-6796	62
hsa-mir-6797	72
hsa-mir-6798	67
hsa-mir-6799	69
hsa-mir-6800	82
hsa-mir-6801	79
hsa-mir-6802	65
hsa-mir-6803	65
hsa-mir-6804	68
hsa-mir-6805	62
hsa-mir-6806	64
hsa-mir-6807	92
hsa-mir-6808	59
hsa-mir-6809	116
hsa-mir-6810	70
hsa-mir-6811	58
hsa-mir-6812	64
hsa-mir-6813	56
hsa-mir-6814	70
hsa-mir-6815	61
hsa-mir-6816	66
hsa-mir-6817	66
hsa-mir-6818	65
hsa-mir-6819	61
hsa-mir-6820	62
hsa-mir-6821	74
hsa-mir-6822	61
hsa-mir-6823	61
hsa-mir-6824	63
hsa-mir-6825	66
hsa-mir-6826	98
hsa-mir-6827	98
hsa-mir-6828	60
hsa-mir-6829	67
hsa-mir-6830	70
hsa-mir-6831	81
hsa-mir-6832	72
hsa-mir-6833	61
hsa-mir-6834	81
hsa-mir-6835	64
hsa-mir-6836	63
hsa-mir-6837	64
hsa-mir-6838	56
hsa-mir-6839	113
hsa-mir-6840	71
hsa-mir-6841	72
hsa-mir-6842	65
hsa-mir-6843	151
hsa-mir-6844	62
hsa-mir-6845	61
hsa-mir-6846	60
hsa-mir-6847	69
hsa-mir-6848	70
hsa-mir-6849	69
hsa-mir-6850	61
hsa-mir-6851	67
hsa-mir-6852	66
hsa-mir-6853	74
hsa-mir-6854	69
hsa-mir-6855	67
hsa-mir-6856	67
hsa-mir-6857	93
hsa-mir-6858	67
hsa-mir-6859-1	68
hsa-mir-6859-2	68
hsa-mir-6859-3	68
hsa-mir-6859-4	68
hsa-mir-6860	66
hsa-mir-6861	64
hsa-mir-6862-1	70
hsa-mir-6862-2	70
hsa-mir-6863	90
hsa-mir-6864	70
hsa-mir-6865	65
hsa-mir-6866	69
hsa-mir-6867	67
hsa-mir-6868	58
hsa-mir-6869	62
hsa-mir-6870	60
hsa-mir-6871	56
hsa-mir-6872	62
hsa-mir-6873	63
hsa-mir-6874	71
hsa-mir-6875	72
hsa-mir-6876	73
hsa-mir-6877	64
hsa-mir-6878	66
hsa-mir-6879	66
hsa-mir-6880	62
hsa-mir-6881	76
hsa-mir-6882	66
hsa-mir-6883	78
hsa-mir-6884	78
hsa-mir-6885	66
hsa-mir-6886	61
hsa-mir-6887	65
hsa-mir-6888	67
hsa-mir-6889	59
hsa-mir-6890	61
hsa-mir-6891	93
hsa-mir-6892	115
hsa-mir-6893	69
hsa-mir-6894	57
hsa-mir-6895	78
hsa-mir-7-1	110
hsa-mir-7-2	110
hsa-mir-7-3	110
hsa-mir-708	88
hsa-mir-7106	65
hsa-mir-7107	80
hsa-mir-7108	87
hsa-mir-7109	65
hsa-mir-711	65
hsa-mir-7110	86
hsa-mir-7111	72
hsa-mir-7112	65
hsa-mir-7113	59
hsa-mir-7114	61
hsa-mir-7150	94
hsa-mir-7151	60
hsa-mir-7152	54
hsa-mir-7153	57
hsa-mir-7154	73
hsa-mir-7155	56
hsa-mir-7156	60
hsa-mir-7157	60
hsa-mir-7158	71
hsa-mir-7159	66
hsa-mir-7160	52
hsa-mir-7161	84
hsa-mir-7162	69
hsa-mir-718	70
hsa-mir-744	98
hsa-mir-7515	67
hsa-mir-758	88
hsa-mir-759	91
hsa-mir-760	80
hsa-mir-761	59
hsa-mir-762	83
hsa-mir-764	85
hsa-mir-7641-1	85
hsa-mir-7641-2	85
hsa-mir-765	114
hsa-mir-766	111
hsa-mir-767	109
hsa-mir-769	118
hsa-mir-770	77
hsa-mir-7702	59
hsa-mir-7703	77
hsa-mir-7704	59
hsa-mir-7705	57
hsa-mir-7706	67
hsa-mir-7843	79
hsa-mir-7844	122
hsa-mir-7845	99
hsa-mir-7846	96
hsa-mir-7847	103
hsa-mir-7848	101
hsa-mir-7849	106
hsa-mir-7850	79
hsa-mir-7851	160
hsa-mir-7852	82
hsa-mir-7853	132
hsa-mir-7854	65
hsa-mir-7855	61
hsa-mir-7856	56
hsa-mir-7973-1	76
hsa-mir-7973-2	76
hsa-mir-7974	79
hsa-mir-7975	68
hsa-mir-7976	66
hsa-mir-7977	49
hsa-mir-7978	59
hsa-mir-802	94
hsa-mir-8052	69
hsa-mir-8053	75
hsa-mir-8054	86
hsa-mir-8055	97
hsa-mir-8056	82
hsa-mir-8057	69
hsa-mir-8058	89
hsa-mir-8059	81
hsa-mir-8060	76
hsa-mir-8061	75
hsa-mir-8062	85
hsa-mir-8063	81
hsa-mir-8064	90
hsa-mir-8065	100
hsa-mir-8066	78
hsa-mir-8067	77
hsa-mir-8068	68
hsa-mir-8069-1	86
hsa-mir-8069-2	86
hsa-mir-8070	88
hsa-mir-8071-1	65
hsa-mir-8071-2	65
hsa-mir-8072	80
hsa-mir-8073	72
hsa-mir-8074	81
hsa-mir-8075	80
hsa-mir-8076	83
hsa-mir-8077	75
hsa-mir-8078	84
hsa-mir-8079	72
hsa-mir-8080	89
hsa-mir-8081	95
hsa-mir-8082	81
hsa-mir-8083	89
hsa-mir-8084	89
hsa-mir-8085	65
hsa-mir-8086	93
hsa-mir-8087	78
hsa-mir-8088	86
hsa-mir-8089	82
hsa-mir-8485	91
hsa-mir-873	77
hsa-mir-874	78
hsa-mir-875	76
hsa-mir-876	81
hsa-mir-877	86
hsa-mir-885	74
hsa-mir-887	79
hsa-mir-888	77
hsa-mir-889	79
hsa-mir-890	77
hsa-mir-891a	79
hsa-mir-891b	79
hsa-mir-892a	75
hsa-mir-892b	77
hsa-mir-892c	77
hsa-mir-9-1	89
hsa-mir-9-2	87
hsa-mir-9-3	90
hsa-mir-920	75
hsa-mir-921	56
hsa-mir-922	81
hsa-mir-924	53
hsa-mir-92a-1	78
hsa-mir-92a-2	75
hsa-mir-92b	96
hsa-mir-93	82
hsa-mir-933	77
hsa-mir-934	83
hsa-mir-935	91
hsa-mir-936	98
hsa-mir-937	86
hsa-mir-938	83
hsa-mir-939	82
hsa-mir-940	94
hsa-mir-941-1	72
hsa-mir-941-2	72
hsa-mir-941-3	72
hsa-mir-941-4	72
hsa-mir-941-5	72
hsa-mir-942	86
hsa-mir-943	94
hsa-mir-944	88
hsa-mir-95	65
hsa-mir-9500	65
hsa-mir-96	78
hsa-mir-98	119
hsa-mir-99a	81
hsa-mir-99b	70
